insert into companies (company_id, company_name, number_of_developers)
values (1, 'Epam', null);
insert into companies (company_id, company_name, number_of_developers)
values (2, 'GOIT', null);
insert into companies (company_id, company_name, number_of_developers)
values (3, 'Microsoft', null);
insert into companies (company_id, company_name, number_of_developers)
values (4, 'Apple', null);
insert into companies (company_id, company_name, number_of_developers)
values (5, 'CD Project', null);

insert into projects values (1, 'Best project', 'new', 5, 1000000, 20, '2021-01-01');
insert into projects values (2, 'Proj name 26', 'new', 5, 1000000, 20, '2021-01-01');
insert into projects values (3, 'Proj name 2', 'pending', 5, 10000, 20, '2021-01-01');
insert into projects values (4, 'Proj name 3', 'new', 5, 100000, 20, '2021-01-01');
insert into projects values (5, 'Proj name 4', 'new', 5, 5000000, 20, '2021-01-01');
insert into projects values (6, 'Proj name 5', 'new', 5, 6000000, 20, '2021-01-01');
insert into projects values (7, 'Proj name 6', 'new', 5, 7000000, 20, '2021-01-01');
insert into projects values (8, 'Proj name 7', 'new', 5, 80000, 20, '2021-01-01');
insert into projects values (9, 'Proj name 8', 'new', 5, 1000, 20, '2021-01-01');
insert into projects values (10, 'Proj name 9', 'new', 5, 1000, 20, '2021-01-01');
insert into projects values (DEFAULT, 'Proj name 10', 'new', 5, 1000, 20, '2021-01-01');
insert into projects values (DEFAULT, 'Proj name 11', 'new', 5, 1000, 20, '2021-01-01');
insert into projects values (DEFAULT, 'Proj name 12', 'new', 5, 1000, 20, '2021-01-01');
insert into projects values (DEFAULT, 'Proj name 13', 'new', 5, 1000, 20, '2021-01-01');
insert into projects values (DEFAULT, 'Proj name 14', 'new', 5, 1000, 20, '2021-01-01');
insert into projects values (DEFAULT, 'Proj name 15', 'new', 5, 1000, 20, '2021-01-01');
insert into projects values (DEFAULT, 'Proj name 16', 'new', 5, 1000, 20, '2021-01-01');
insert into projects values (DEFAULT, 'Proj name 17', 'new', 5, 1000, 20, '2021-01-01');
insert into projects values (DEFAULT, 'Proj name 18', 'new', 5, 1000, 20, '2021-01-01');
insert into projects values (DEFAULT, 'Proj name 19', 'new', 5, 1000, 20, '2021-01-01');
insert into projects values (DEFAULT, 'Proj name 20', 'new', 5, 1000, 20, '2021-01-01');
insert into projects values (DEFAULT, 'Proj name 21', 'new', 5, 1000, 20, '2021-01-01');
insert into projects values (DEFAULT, 'Proj name 22', 'new', 5, 1000, 20, '2021-01-01');
insert into projects values (DEFAULT, 'Proj name 23', 'new', 5, 1000, 20, '2021-01-01');
insert into projects values (DEFAULT, 'Proj name 24', 'new', 5, 1000, 20, '2021-01-01');
insert into projects values (DEFAULT, 'Proj name 25', 'new', 5, 1000, 20, '2021-01-01');

insert into developers (developer_id, first_name, last_name, gender, age, experience_in_years, company_id, salary, developer_email)
values (1, 'Ivan', 'Petrov', 'male', 30, 10, 5, 1000, 'a@gmail.com');
insert into developers (developer_id, first_name, last_name, gender, age, experience_in_years, company_id, salary, developer_email)
values (2, 'Petro', 'Ivanov', 'male', 30, 10, 4, 3000, 'b@gmail.com');
insert into developers (developer_id, first_name, last_name, gender, age, experience_in_years, company_id, salary, developer_email)
values (3, 'Olexandr', 'Puszkin', 'male', 30, 10, 5, 2500, 'f@gmail.com');
insert into developers (developer_id, first_name, last_name, gender, age, experience_in_years, company_id, salary, developer_email)
values (4, 'Anton', 'Gogol', 'male', 30, 10, 2, 4000, 'd@gmail.com');
insert into developers (developer_id, first_name, last_name, gender, age, experience_in_years, company_id, salary, developer_email)
values (5, 'Serhii', 'Bulba', 'male', 30, 10, 1, 5000, 'g@gmail.com');
insert into developers (developer_id, first_name, last_name, gender, age, experience_in_years, company_id, salary, developer_email)
values (6, 'Serhii', 'Bulba', 'male', 30, 10, 1, 5000, 'h@gmail.com');
insert into developers (developer_id, first_name, last_name, gender, age, experience_in_years, company_id, salary, developer_email)
values (7, 'Serhii', 'Bulba', 'male', 30, 10, 1, 5000, 'k@gmail.com');
insert into developers (developer_id, first_name, last_name, gender, age, experience_in_years, company_id, salary, developer_email)
values (8, 'Serhii', 'Bulba', 'male', 30, 10, 1, 5000, 'l@gmail.com');
insert into developers (developer_id, first_name, last_name, gender, age, experience_in_years, company_id, salary, developer_email)
values (9, 'Serhii', 'Bulba', 'male', 30, 10, 1, 5000, 'm@gmail.com');
insert into developers (developer_id, first_name, last_name, gender, age, experience_in_years, company_id, salary, developer_email)
values (10, 'Serhii', 'Bulba', 'male', 30, 10, 1, 5000, 'n@gmail.com');
insert into developers (developer_id, first_name, last_name, gender, age, experience_in_years, company_id, salary, developer_email)
values (DEFAULT, 'Serhii', 'Bulba', 'male', 30, 10, 1, 5000, 'o@gmail.com');
insert into developers (developer_id, first_name, last_name, gender, age, experience_in_years, company_id, salary, developer_email)
values (DEFAULT, 'Serhii', 'Bulba', 'male', 30, 10, 1, 5000, 'p@gmail.com');
insert into developers (developer_id, first_name, last_name, gender, age, experience_in_years, company_id, salary, developer_email)
values (DEFAULT, 'Serhii', 'Bulba', 'male', 30, 10, 1, 5000, 'q@gmail.com');
insert into developers (developer_id, first_name, last_name, gender, age, experience_in_years, company_id, salary, developer_email)
values (DEFAULT, 'Serhii', 'Bulba', 'male', 30, 10, 1, 5000, 'r@gmail.com');
insert into developers (developer_id, first_name, last_name, gender, age, experience_in_years, company_id, salary, developer_email)
values (DEFAULT, 'Serhii', 'Bulba', 'male', 30, 10, 1, 5000, 's@gmail.com');
insert into developers (developer_id, first_name, last_name, gender, age, experience_in_years, company_id, salary, developer_email)
values (DEFAULT, 'Serhii', 'Bulba', 'male', 30, 10, 1, 5000, 't@gmail.com');
insert into developers (developer_id, first_name, last_name, gender, age, experience_in_years, company_id, salary, developer_email)
values (DEFAULT, 'Serhii', 'Bulba', 'male', 30, 10, 1, 5000, 'u@gmail.com');
insert into developers (developer_id, first_name, last_name, gender, age, experience_in_years, company_id, salary, developer_email)
values (DEFAULT, 'Serhii', 'Bulba', 'male', 30, 10, 1, 5000, 'v@gmail.com');
insert into developers (developer_id, first_name, last_name, gender, age, experience_in_years, company_id, salary, developer_email)
values (DEFAULT, 'Serhii', 'Bulba', 'male', 30, 10, 1, 5000, 'w@gmail.com');
insert into developers (developer_id, first_name, last_name, gender, age, experience_in_years, company_id, salary, developer_email)
values (DEFAULT, 'Serhii', 'Bulba', 'male', 30, 10, 1, 5000, 'x@gmail.com');
insert into developers (developer_id, first_name, last_name, gender, age, experience_in_years, company_id, salary, developer_email)
values (DEFAULT, 'Serhii', 'Bulba', 'male', 30, 10, 1, 5000, 'y@gmail.com');
insert into developers (developer_id, first_name, last_name, gender, age, experience_in_years, company_id, salary, developer_email)
values (DEFAULT, 'Serhii', 'Bulba', 'male', 30, 10, 1, 5000, 'z@gmail.com');
insert into developers (developer_id, first_name, last_name, gender, age, experience_in_years, company_id, salary, developer_email)
values (DEFAULT, 'Serhii', 'Bulba', 'male', 30, 10, 1, 5000, 'xz@gmail.com');
insert into developers (developer_id, first_name, last_name, gender, age, experience_in_years, company_id, salary, developer_email)
values (DEFAULT, 'Serhii', 'Bulba', 'male', 30, 10, 1, 5000, 'cz@gmail.com');
insert into developers (developer_id, first_name, last_name, gender, age, experience_in_years, company_id, salary, developer_email)
values (DEFAULT, 'Serhii', 'Bulba', 'male', 30, 10, 1, 5000, 'az@gmail.com');
insert into developers (developer_id, first_name, last_name, gender, age, experience_in_years, company_id, salary, developer_email)
values (DEFAULT, 'Serhii', 'Bulba', 'male', 30, 10, 1, 5000, 'bz@gmail.com');
insert into developers (developer_id, first_name, last_name, gender, age, experience_in_years, company_id, salary, developer_email)
values (DEFAULT, 'Serhii', 'Bulba', 'male', 30, 10, 1, 5000, 'dz@gmail.com');

insert into skills values (DEFAULT, 'Java', 'Junior', 'y@gmail.com');
insert into skills values (DEFAULT, 'C++', 'Junior', 'y@gmail.com');
insert into skills values (DEFAULT, 'JS', 'Middle', 'y@gmail.com');
insert into skills values (DEFAULT, 'C++', 'Junior', 'z@gmail.com');
insert into skills values (DEFAULT, 'JS', 'Senior', 'z@gmail.com');
insert into skills values (DEFAULT, 'JS', 'Junior', 'x@gmail.com');
insert into skills values (DEFAULT, 'Java', 'Junior', 'a@gmail.com');
insert into skills values (DEFAULT, 'Java', 'Junior', 'b@gmail.com');
insert into skills values (DEFAULT, 'Java', 'Junior', 'g@gmail.com');
insert into skills values (DEFAULT, 'C++', 'Junior', 'g@gmail.com');
insert into skills values (DEFAULT, 'JS', 'Middle', 'g@gmail.com');
insert into skills values (DEFAULT, 'Java', 'Junior', 'h@gmail.com');
insert into skills values (DEFAULT, 'C++', 'Junior', 'h@gmail.com');
insert into skills values (DEFAULT, 'JS', 'Middle', 'h@gmail.com');
insert into skills values (DEFAULT, 'Java', 'Junior', 's@gmail.com');
insert into skills values (DEFAULT, 'C++', 'Junior', 's@gmail.com');
insert into skills values (DEFAULT, 'JS', 'Middle', 's@gmail.com');
insert into skills values (DEFAULT, 'Java', 'Junior', 't@gmail.com');
insert into skills values (DEFAULT, 'C++', 'Junior', 't@gmail.com');
insert into skills values (DEFAULT, 'JS', 'Middle', 't@gmail.com');
insert into skills values (DEFAULT, 'Java', 'Junior', 'f@gmail.com');
insert into skills values (DEFAULT, 'C++', 'Junior', 'f@gmail.com');
insert into skills values (DEFAULT, 'JS', 'Middle', 'f@gmail.com');

insert into customers values (1, 'Customer');
insert into customers values (2, 'Customer9');
insert into customers values (3, 'Customer2');
insert into customers values (4, 'Customer3');
insert into customers values (5, 'Customer4');
insert into customers values (6, 'Customer5');
insert into customers values (7, 'Customer6');
insert into customers values (8, 'Customer7');
insert into customers values (9, 'Customer8');
insert into customers values (10, 'Customer1');
insert into customers values (DEFAULT, 'Customer10');
insert into customers values (DEFAULT, 'Customer11');
insert into customers values (DEFAULT, 'Customer12');
insert into customers values (DEFAULT, 'Customer13');
insert into customers values (DEFAULT, 'Customer14');
insert into customers values (DEFAULT, 'Customer15');
insert into customers values (DEFAULT, 'Customer16');
insert into customers values (DEFAULT, 'Customer17');
insert into customers values (DEFAULT, 'Customer18');
insert into customers values (DEFAULT, 'Customer19');
insert into customers values (DEFAULT, 'Customer20');
insert into customers values (DEFAULT, 'Customer21');
insert into customers values (DEFAULT, 'Customer22');
insert into customers values (DEFAULT, 'Customer23');
insert into customers values (DEFAULT, 'Customer24');
insert into customers values (DEFAULT, 'Customer25');
insert into customers values (DEFAULT, 'Customer26');
insert into customers values (DEFAULT, 'Customer27');
insert into customers values (DEFAULT, 'Customer28');
insert into customers values (DEFAULT, 'Customer29');
insert into customers values (DEFAULT, 'Customer30');

insert into developers_on_projects values (1, 1);
insert into developers_on_projects values (1, 5);
insert into developers_on_projects values (1, 2);
insert into developers_on_projects values (2, 5);
insert into developers_on_projects values (2, 3);
insert into developers_on_projects values (3, 5);
insert into developers_on_projects values (3, 3);
insert into developers_on_projects values (3, 4);
insert into developers_on_projects values (3, 1);
insert into developers_on_projects values (4, 5);
insert into developers_on_projects values (5, 5);
insert into developers_on_projects values (6, 5);
insert into developers_on_projects values (7, 5);
insert into developers_on_projects values (8, 5);
insert into developers_on_projects values (8, 4);
insert into developers_on_projects values (8, 2);

insert into customers_and_companies values (1, 1, 8);
insert into customers_and_companies values (1, 2, 7);
insert into customers_and_companies values (2, 2, 6);
insert into customers_and_companies values (3, 4, 5);
insert into customers_and_companies values (4, 5, 4);
insert into customers_and_companies values (5, 2, 1);
insert into customers_and_companies values (6, 1, 1);
insert into customers_and_companies values (6, 2, 1);
insert into customers_and_companies values (7, 2, 8);
insert into customers_and_companies values (7, 5, 1);
insert into customers_and_companies values (7, 4, 7);
insert into customers_and_companies values (8, 2, 4);
insert into customers_and_companies values (3, 2, 6);
insert into customers_and_companies values (5, 1, 2);